id,date_required,priority,state
pr_demo_1,2024-12-23,2,draft
pr_demo_2,2024-12-21,3,draft
pr_demo_3,2024-12-26,1,draft
pr_demo_4,2024-12-19,4,draft
pr_demo_5,2024-12-30,2,draft
pr_demo_6,2025-01-15,2,draft
pr_demo_7,2024-12-23,3,draft
pr_demo_8,2024-12-21,4,draft
pr_demo_9,2025-01-06,1,draft
pr_demo_10,2024-12-26,2,draft
pr_demo_11,2024-12-19,1,draft
pr_demo_12,2024-12-21,1,draft
pr_demo_13,2024-12-23,2,draft
pr_demo_14,2024-12-26,1,draft
pr_demo_15,2024-12-21,2,draft
pr_demo_16,2024-12-30,3,draft
pr_demo_17,2025-01-06,2,draft
pr_demo_18,2024-12-23,4,draft
pr_demo_19,2024-12-26,2,draft
pr_demo_20,2025-01-15,1,draft
